<yandex>
     <!-- Listen wildcard address to allow accepting connections from other containers and host network. -->
    <listen_host>::</listen_host>
    <listen_host>0.0.0.0</listen_host>
    <listen_try>1</listen_try>

    <!--
    <logger>
        <console>1</console>
    </logger>
    -->

    <http_server_default_response><![CDATA[<html ng-app="SMI2"><head><base href="http://ui.tabix.io/"></head><body><div ui-view="" class="content-ui"></div><script src="http://loader.tabix.io/master.js"></script></body></html>]]></http_server_default_response>
</yandex>
